'text','language_code','translation','translation_language_code','cefr','topic'
'a.m.','en','утро','ru','a1',
'about','en','о','ru','a1',
'above','en','выше','ru','a1',
'action','en','действие','ru','a1',
'activity','en','активность','ru','a1',
'actor','en','актер','ru','a1',
'add','en','добавлять','ru','a1',
'address','en','адрес','ru','a1',
'afraid','en','испуганный','ru','a1',
'after','en','после','ru','a1',
'afternoon','en','полдень','ru','a1',
'again','en','снова','ru','a1',
'age','en','возраст','ru','a1',
'ago','en','назад','ru','a1',
'agree','en','соглашаться','ru','a1',
'airplane','en','самолет','ru','a1',
'airport','en','аэропорт','ru','a1',
'album','en','альбом','ru','a1',
'all','en','все','ru','a1',
'all right','en','все в порядке','ru','a1',
'almost','en','почти','ru','a1',
'alone','en','один','ru','a1',
'along','en','вдоль','ru','a1',
'already','en','уже','ru','a1',
'also','en','также','ru','a1',
'always','en','всегда','ru','a1',
'am','en','являюсь','ru','a1',
'an','en','а','ru','a1',
'and','en','и','ru','a1',
'angry','en','злой','ru','a1',
'animal','en','животное','ru','a1',
'another','en','другой','ru','a1',
'answer','en','отвечать','ru','a1',
'any','en','любой','ru','a1',
'anybody','en','кто-нибудь','ru','a1',
'anyone','en','любой','ru','a1',
'anything','en','что-либо','ru','a1',
'apple','en','яблоко','ru','a1',
'April','en','апрель','ru','a1',
'apron','en','фартук','ru','a1',
'are','en','являются','ru','a1',
'arm','en','рука','ru','a1',
'around','en','вокруг','ru','a1',
'arrive','en','приезжать','ru','a1',
'art','en','искусство','ru','a1',
'article','en','статья','ru','a1',
'as','en','как','ru','a1',
'ask','en','просить','ru','a1',
'at','en','в','ru','a1',
'August','en','Август','ru','a1',
'aunt','en','тетя','ru','a1',
'autumn','en','осень','ru','a1',
'awake','en','бодрствующий','ru','a1',
'away','en','прочь','ru','a1',
'baby','en','малыш','ru','a1',
'back','en','назад','ru','a1',
'bad','en','плохой','ru','a1',
'bag','en','сумка','ru','a1',
'ball','en','мяч','ru','a1',
'banana','en','банан','ru','a1',
'band','en','группа','ru','a1',
'bank','en','банк','ru','a1',
'bar','en','бар','ru','a1',
'baseball','en','бейсбол','ru','a1',
'basketball','en','баскетбол','ru','a1',
'bat','en','летучая мышь','ru','a1',
'bath','en','ванна','ru','a1',
'bathroom','en','ванная комната','ru','a1',
'be','en','быть','ru','a1',
'beach','en','пляж','ru','a1',
'bean','en','боб','ru','a1',
'bear','en','медведь','ru','a1',
'beautiful','en','красивый','ru','a1',
'because','en','потому что','ru','a1',
'become','en','становиться','ru','a1',
'bed','en','кровать','ru','a1',
'bedroom','en','спальня','ru','a1',
'bee','en','пчела','ru','a1',
'beef','en','говядина','ru','a1',
'before','en','до','ru','a1',
'begin','en','начинать','ru','a1',
'behind','en','позади','ru','a1',
'believe','en','полагать','ru','a1',
'bell','en','колокол','ru','a1',
'below','en','ниже','ru','a1',
'beside','en','рядом','ru','a1',
'best','en','лучший','ru','a1',
'better','en','лучше','ru','a1',
'between','en','между','ru','a1',
'bicycle','en','велосипед','ru','a1',
'big','en','большой','ru','a1',
'bike','en','велосипед','ru','a1',
'bird','en','птица','ru','a1',
'birth','en','рождение','ru','a1',
'birthday','en','день рождения','ru','a1',
'biscuit','en','бисквит','ru','a1',
'black','en','черный','ru','a1',
'blank','en','пустой','ru','a1',
'block','en','блокировать','ru','a1',
'blow','en','дуть','ru','a1',
'blue','en','синий','ru','a1',
'board','en','доска','ru','a1',
'boat','en','лодка','ru','a1',
'body','en','тело','ru','a1',
'bone','en','кость','ru','a1',
'book','en','книга','ru','a1',
'bookstore','en','книжный магазин','ru','a1',
'boring','en','скучный','ru','a1',
'borrow','en','занимать','ru','a1',
'both','en','оба','ru','a1',
'bottle','en','бутылка','ru','a1',
'bottom','en','нижний','ru','a1',
'bowl','en','чаша','ru','a1',
'box','en','коробка','ru','a1',
'boy','en','мальчик','ru','a1',
'boyfriend','en','парень','ru','a1',
'brain','en','мозг','ru','a1',
'bread','en','хлеб','ru','a1',
'break','en','перерыв','ru','a1',
'breakfast','en','завтрак','ru','a1',
'breathe','en','дышать','ru','a1',
'bridge','en','мост','ru','a1',
'bright','en','яркий','ru','a1',
'bring','en','приносить','ru','a1',
'broken','en','сломанный','ru','a1',
'brother','en','брат','ru','a1',
'brown','en','коричневый','ru','a1',
'brush','en','щетка','ru','a1',
'bucket','en','ведро','ru','a1',
'build','en','строить','ru','a1',
'building','en','здание','ru','a1',
'burger','en','бургер','ru','a1',
'bus','en','автобус','ru','a1',
'business','en','бизнес','ru','a1',
'busy','en','занятый','ru','a1',
'but','en','но','ru','a1',
'butter','en','масло','ru','a1',
'butterfly','en','бабочка','ru','a1',
'button','en','кнопка','ru','a1',
'buy','en','купить','ru','a1',
'by','en','к','ru','a1',
'bye','en','пока','ru','a1',
'cafe/café','en','кафе/кофе','ru','a1',
'cake','en','торт','ru','a1',
'call','en','вызов','ru','a1',
'camera','en','камера','ru','a1',
'camp','en','лагерь','ru','a1',
'can','en','может','ru','a1',
'candy','en','конфеты','ru','a1',
'cap','en','кепка','ru','a1',
'car','en','машина','ru','a1',
'card','en','карта','ru','a1',
'care','en','забота','ru','a1',
'careful','en','осторожный','ru','a1',
'carefully','en','осторожно','ru','a1',
'carry','en','нести','ru','a1',
'cartoon','en','мультфильм','ru','a1',
'case','en','случай','ru','a1',
'cat','en','кот','ru','a1',
'catch','en','ловить','ru','a1',
'CD','en','компакт-диск','ru','a1',
'CD player','en','CD-плеер','ru','a1',
'celebrate','en','праздновать','ru','a1',
'celebration','en','праздник','ru','a1',
'chair','en','стул','ru','a1',
'change','en','изменять','ru','a1',
'character','en','характер','ru','a1',
'check','en','проверять','ru','a1',
'cheese','en','сыр','ru','a1',
'chicken','en','курица','ru','a1',
'child','en','ребенок','ru','a1',
'chocolate','en','шоколад','ru','a1',
'choose','en','выбирать','ru','a1',
'church','en','церковь','ru','a1',
'cinema','en','кино','ru','a1',
'circle','en','круг','ru','a1',
'city','en','город','ru','a1',
'class','en','сорт','ru','a1',
'classmate','en','одноклассник','ru','a1',
'classroom','en','класс','ru','a1',
'clean','en','чистый','ru','a1',
'clever','en','умный','ru','a1',
'climb','en','взбираться','ru','a1',
'clock','en','часы','ru','a1',
'close','en','закрывать','ru','a1',
'closed','en','закрыто','ru','a1',
'cloth','en','ткань','ru','a1',
'clothes','en','одежда','ru','a1',
'cloud','en','облако','ru','a1',
'cloudy','en','пасмурно','ru','a1',
'club','en','клуб','ru','a1',
'coach','en','тренер','ru','a1',
'coat','en','пальто','ru','a1',
'code','en','код','ru','a1',
'coffee','en','кофе','ru','a1',
'coke','en','кокс','ru','a1',
'cold','en','холодный','ru','a1',
'collect','en','собирать','ru','a1',
'collection','en','коллекция','ru','a1',
'college','en','колледж','ru','a1',
'color','en','цвет','ru','a1',
'come','en','приходить','ru','a1',
'computer','en','компьютер','ru','a1',
'concert','en','концерт','ru','a1',
'contest','en','конкурс','ru','a1',
'conversation','en','беседа','ru','a1',
'cook','en','готовить','ru','a1',
'cookie','en','печенье','ru','a1',
'cool','en','прохладный','ru','a1',
'cop','en','полицейский','ru','a1',
'copy','en','копировать','ru','a1',
'corn','en','кукуруза','ru','a1',
'corner','en','угол','ru','a1',
'correct','en','правильный','ru','a1',
'couch','en','диван','ru','a1',
'could','en','мог','ru','a1',
'course','en','курс','ru','a1',
'cousin','en','двоюродный брат','ru','a1',
'cover','en','крышка','ru','a1',
'cow','en','корова','ru','a1',
'cream','en','крем','ru','a1',
'credit card','en','кредитная карта','ru','a1',
'cry','en','плакать','ru','a1',
'culture','en','культура','ru','a1',
'cup','en','чашка','ru','a1',
'cut','en','резать','ru','a1',
'cute','en','милый','ru','a1',
'dad','en','папа','ru','a1',
'daddy','en','папочка','ru','a1',
'dance','en','танцевать','ru','a1',
'dancing','en','танцы','ru','a1',
'dark','en','темный','ru','a1',
'date','en','дата','ru','a1',
'daughter','en','дочь','ru','a1',
'day','en','день','ru','a1',
'dear','en','дорогой','ru','a1',
'December','en','декабрь','ru','a1',
'delicious','en','вкусный','ru','a1',
'describe','en','описывать','ru','a1',
'design','en','дизайн','ru','a1',
'desk','en','рабочий стол','ru','a1',
'dictionary','en','словарь','ru','a1',
'did','en','делал','ru','a1',
'difference','en','разница','ru','a1',
'different','en','другой','ru','a1',
'difficult','en','трудный','ru','a1',
'dig','en','копать','ru','a1',
'dining room','en','столовая','ru','a1',
'dinner','en','ужин','ru','a1',
'dirty','en','грязный','ru','a1',
'discuss','en','обсуждать','ru','a1',
'dish','en','блюдо','ru','a1',
'do','en','делать','ru','a1',
'doctor','en','доктор','ru','a1',
'does','en','делает','ru','a1',
'dog','en','собака','ru','a1',
'doing','en','делает','ru','a1',
'doll','en','кукла','ru','a1',
'dollar','en','доллар','ru','a1',
'door','en','дверь','ru','a1',
'down','en','вниз','ru','a1',
'drama','en','драма','ru','a1',
'draw','en','рисовать','ru','a1',
'dream','en','мечтать','ru','a1',
'dress','en','одеваться','ru','a1',
'drink','en','напиток','ru','a1',
'drive','en','водить машину','ru','a1',
'driver','en','водитель','ru','a1',
'drop','en','уронить','ru','a1',
'drum','en','барабан','ru','a1',
'dry','en','сухой','ru','a1',
'due','en','должный','ru','a1',
'DVD','en','DVD','ru','a1',
'each','en','каждый','ru','a1',
'each other','en','друг друга','ru','a1',
'ear','en','ухо','ru','a1',
'early','en','рано','ru','a1',
'easy','en','легкий','ru','a1',
'eat','en','есть','ru','a1',
'egg','en','яйцо','ru','a1',
'eight','en','восемь','ru','a1',
'eighteen','en','восемнадцать','ru','a1',
'eighty','en','восемьдесят','ru','a1',
'either','en','или','ru','a1',
'elementary','en','элементарный','ru','a1',
'eleven','en','одиннадцать','ru','a1',
'else','en','еще','ru','a1',
'email','en','электронная почта','ru','a1',
'end','en','конец','ru','a1',
'engineer','en','инженер','ru','a1',
'enjoy','en','наслаждаться','ru','a1',
'evening','en','вечер','ru','a1',
'event','en','событие','ru','a1',
'every','en','каждый','ru','a1',
'everybody','en','все','ru','a1',
'everyday','en','каждый день','ru','a1',
'everyone','en','каждый','ru','a1',
'everything','en','все','ru','a1',
'everywhere','en','повсюду','ru','a1',
'example','en','пример','ru','a1',
'excellent','en','отличный','ru','a1',
'excited','en','взволнованный','ru','a1',
'exciting','en','захватывающий','ru','a1',
'excuse','en','извинение','ru','a1',
'exercise','en','упражнение','ru','a1',
'expensive','en','дорогой','ru','a1',
'eye','en','глаз','ru','a1',
'face','en','лицо','ru','a1',
'factory','en','фабрика','ru','a1',
'fair','en','справедливый','ru','a1',
'fairy','en','сказочный','ru','a1',
'false','en','ЛОЖЬ','ru','a1',
'family','en','семья','ru','a1',
'famous','en','известный','ru','a1',
'fan','en','вентилятор','ru','a1',
'farm','en','ферма','ru','a1',
'farmer','en','фермер','ru','a1',
'fast','en','быстрый','ru','a1',
'fat','en','толстый','ru','a1',
'father','en','отец','ru','a1',
'favorite','en','любимый','ru','a1',
'February','en','февраль','ru','a1',
'feed','en','кормить','ru','a1',
'feel','en','чувствовать','ru','a1',
'feeling','en','чувство','ru','a1',
'festival','en','фестиваль','ru','a1',
'fever','en','высокая температура','ru','a1',
'field','en','поле','ru','a1',
'fifteen','en','пятнадцать','ru','a1',
'fifty','en','пятьдесят','ru','a1',
'fight','en','драться','ru','a1',
'file','en','файл','ru','a1',
'fill','en','наполнять','ru','a1',
'find','en','находить','ru','a1',
'fine','en','отлично','ru','a1',
'finish','en','заканчивать','ru','a1',
'fire','en','огонь','ru','a1',
'first','en','первый','ru','a1',
'fish','en','рыба','ru','a1',
'fishing','en','рыбалка','ru','a1',
'five','en','пять','ru','a1',
'flag','en','флаг','ru','a1',
'flat','en','плоский','ru','a1',
'floor','en','пол','ru','a1',
'flower','en','цветок','ru','a1',
'fly','en','летать','ru','a1',
'focus','en','фокус','ru','a1',
'foggy','en','туманный','ru','a1',
'following','en','следующий','ru','a1',
'food','en','еда','ru','a1',
'football','en','футбол','ru','a1',
'for','en','для','ru','a1',
'foreign','en','иностранный','ru','a1',
'foreigner','en','иностранец','ru','a1',
'forget','en','забывать','ru','a1',
'form','en','форма','ru','a1',
'forty','en','сорок','ru','a1',
'four','en','четыре','ru','a1',
'fourteen','en','четырнадцать','ru','a1',
'free','en','бесплатно','ru','a1',
'Friday','en','Пятница','ru','a1',
'friend','en','друг','ru','a1',
'frog','en','лягушка','ru','a1',
'from','en','от','ru','a1',
'front','en','передний','ru','a1',
'fruit','en','фрукты','ru','a1',
'full','en','полный','ru','a1',
'fun','en','веселье','ru','a1',
'funny','en','забавный','ru','a1',
'future','en','будущее','ru','a1',
'game','en','игра','ru','a1',
'garbage','en','мусор','ru','a1',
'garden','en','сад','ru','a1',
'get','en','получать','ru','a1',
'ghost','en','призрак','ru','a1',
'gift','en','подарок','ru','a1',
'girl','en','девочка','ru','a1',
'girlfriend','en','подруга','ru','a1',
'give','en','давать','ru','a1',
'glad','en','радостный','ru','a1',
'glass','en','стекло','ru','a1',
'glasses','en','очки','ru','a1',
'go','en','идти','ru','a1',
'goal','en','цель','ru','a1',
'gold','en','золото','ru','a1',
'good','en','хороший','ru','a1',
'good afternoon','en','добрый день','ru','a1',
'good morning','en','доброе утро','ru','a1',
'good night','en','cпокойной ночи','ru','a1',
'grade','en','оценка','ru','a1',
'grammar','en','грамматика','ru','a1',
'grandfather','en','дедушка','ru','a1',
'grandma','en','бабушка','ru','a1',
'grandmother','en','бабушка','ru','a1',
'grandpa','en','дедушка','ru','a1',
'grandparent','en','дедушка и бабушка','ru','a1',
'grape','en','виноград','ru','a1',
'grass','en','трава','ru','a1',
'gray','en','серый','ru','a1',
'great','en','большой','ru','a1',
'green','en','зеленый','ru','a1',
'greet','en','приветствовать','ru','a1',
'ground','en','земля','ru','a1',
'group','en','группа','ru','a1',
'grow','en','расти','ru','a1',
'guess','en','предполагать','ru','a1',
'guest','en','гость','ru','a1',
'guitar','en','гитара','ru','a1',
'guy','en','парень','ru','a1',
'habit','en','привычка','ru','a1',
'had','en','имел','ru','a1',
'hair','en','волосы','ru','a1',
'haircut','en','стрижка','ru','a1',
'half','en','половина','ru','a1',
'hall','en','зал','ru','a1',
'hamburger','en','гамбургер','ru','a1',
'hand','en','рука','ru','a1',
'handsome','en','красивый','ru','a1',
'happen','en','случаться','ru','a1',
'happy','en','счастливый','ru','a1',
'hard','en','жесткий','ru','a1',
'has','en','имеет','ru','a1',
'hat','en','шляпа','ru','a1',
'have','en','иметь','ru','a1',
'have to','en','придется','ru','a1',
'he','en','он','ru','a1',
'head','en','голова','ru','a1',
'headache','en','головная боль','ru','a1',
'health','en','здоровье','ru','a1',
'healthy','en','здоровый','ru','a1',
'hear','en','слышать','ru','a1',
'heart','en','сердце','ru','a1',
'heavy','en','тяжелый','ru','a1',
'hello','en','привет','ru','a1',
'help','en','помощь','ru','a1',
'her','en','ее','ru','a1',
'here','en','здесь','ru','a1',
'hers','en','ее','ru','a1',
'hi','en','привет','ru','a1',
'hide','en','скрывать','ru','a1',
'high','en','высокий','ru','a1',
'hill','en','холм','ru','a1',
'him','en','ему','ru','a1',
'his','en','его','ru','a1',
'history','en','история','ru','a1',
'hobby','en','хобби','ru','a1',
'hold','en','держать','ru','a1',
'hole','en','дыра','ru','a1',
'holiday','en','праздничный день','ru','a1',
'home','en','дом','ru','a1',
'hometown','en','родной город','ru','a1',
'homework','en','домашнее задание','ru','a1',
'hope','en','надеяться','ru','a1',
'horse','en','лошадь','ru','a1',
'hospital','en','больница','ru','a1',
'hot','en','горячий','ru','a1',
'hotel','en','отель','ru','a1',
'hour','en','час','ru','a1',
'house','en','дом','ru','a1',
'how','en','как','ru','a1',
'hungry','en','голодный','ru','a1',
'hurry','en','торопиться','ru','a1',
'hurt','en','повредить','ru','a1',
'husband','en','муж','ru','a1',
'I','en','я','ru','a1',
'ice','en','лед','ru','a1',
'ice cream','en','мороженое','ru','a1',
'idea','en','идея','ru','a1',
'ideal','en','идеальный','ru','a1',
'if','en','если','ru','a1',
'imagine','en','представлять себе','ru','a1',
'important','en','важный','ru','a1',
'in','en','в','ru','a1',
'information','en','информация','ru','a1',
'inside','en','внутри','ru','a1',
'interested','en','заинтересованный','ru','a1',
'interesting','en','интересный','ru','a1',
'internet','en','интернет','ru','a1',
'interview','en','интервью','ru','a1',
'interviewer','en','интервьюер','ru','a1',
'into','en','в','ru','a1',
'introduce','en','представлять','ru','a1',
'is','en','является','ru','a1',
'island','en','остров','ru','a1',
'it','en','это','ru','a1',
'item','en','элемент','ru','a1',
'its','en','его','ru','a1',
'jacket','en','куртка','ru','a1',
'January','en','январь','ru','a1',
'jeans','en','джинсы','ru','a1',
'jet','en','реактивный самолет','ru','a1',
'jewelry','en','ювелирные изделия','ru','a1',
'job','en','работа','ru','a1',
'join','en','присоединиться','ru','a1',
'judge','en','судить','ru','a1',
'juice','en','сок','ru','a1',
'July','en','июль','ru','a1',
'jump','en','прыгать','ru','a1',
'June','en','июнь','ru','a1',
'just','en','только','ru','a1',
'keep','en','держать','ru','a1',
'key','en','ключ','ru','a1',
'kick','en','пинать','ru','a1',
'kid','en','ребенок','ru','a1',
'kill','en','убийство','ru','a1',
'kind','en','добрый','ru','a1',
'king','en','король','ru','a1',
'kiss','en','целовать','ru','a1',
'kitchen','en','кухня','ru','a1',
'kite','en','летающий змей','ru','a1',
'knee','en','колено','ru','a1',
'knife','en','нож','ru','a1',
'know','en','знать','ru','a1',
'lady','en','леди','ru','a1',
'language','en','язык','ru','a1',
'large','en','большой','ru','a1',
'last name','en','фамилия','ru','a1',
'late','en','поздно','ru','a1',
'later','en','позже','ru','a1',
'laugh','en','смех','ru','a1',
'lazy','en','ленивый','ru','a1',
'leader','en','лидер','ru','a1',
'leaf','en','лист','ru','a1',
'learn','en','учиться','ru','a1',
'leave','en','оставлять','ru','a1',
'left','en','левый','ru','a1',
'leg','en','нога','ru','a1',
'lesson','en','урок','ru','a1',
'let','en','позволять','ru','a1',
'letter','en','письмо','ru','a1',
'library','en','библиотека','ru','a1',
'life','en','жизнь','ru','a1',
'light','en','свет','ru','a1',
'like','en','нравиться','ru','a1',
'lily','en','Лили','ru','a1',
'line','en','линия','ru','a1',
'lion','en','лев','ru','a1',
'list','en','список','ru','a1',
'listen','en','слушать','ru','a1',
'little','en','маленький','ru','a1',
'live','en','жить','ru','a1',
'living','en','жизнь','ru','a1',
'living room','en','гостиная','ru','a1',
'lonely','en','одинокий','ru','a1',
'long','en','длинный','ru','a1',
'look','en','смотреть','ru','a1',
'lot','en','много','ru','a1',
'love','en','любовь','ru','a1',
'lovely','en','прекрасный','ru','a1',
'luck','en','удача','ru','a1',
'lucky','en','удачливый','ru','a1',
'lunch','en','обед','ru','a1',
'machine','en','машина','ru','a1',
'magazine','en','журнал','ru','a1',
'mail','en','почта','ru','a1',
'make','en','делать','ru','a1',
'man','en','мужчина','ru','a1',
'many','en','много','ru','a1',
'map','en','карта','ru','a1',
'march','en','маршировать','ru','a1',
'match','en','соответствовать','ru','a1',
'math','en','математика','ru','a1',
'matter','en','иметь значение','ru','a1',
'may','en','может','ru','a1',
'maybe','en','может быть','ru','a1',
'me','en','мне','ru','a1',
'meal','en','еда','ru','a1',
'mean','en','иметь в виду','ru','a1',
'meat','en','мясо','ru','a1',
'medicine','en','лекарство','ru','a1',
'meet','en','встретиться','ru','a1',
'meeting','en','встреча','ru','a1',
'memory','en','память','ru','a1',
'merry','en','веселый','ru','a1',
'message','en','сообщение','ru','a1',
'middle','en','середина','ru','a1',
'milk','en','молоко','ru','a1',
'mind','en','разум','ru','a1',
'mine','en','мой','ru','a1',
'minute','en','минута','ru','a1',
'Miss','en','Скучать','ru','a1',
'mobile','en','мобильный','ru','a1',
'mobile phone','en','мобильный телефон','ru','a1',
'mom','en','мама','ru','a1',
'moment','en','момент','ru','a1',
'mommy','en','мама','ru','a1',
'monday','en','понедельник','ru','a1',
'money','en','деньги','ru','a1',
'monkey','en','обезьяна','ru','a1',
'month','en','месяц','ru','a1',
'moon','en','луна','ru','a1',
'more','en','более','ru','a1',
'morning','en','утро','ru','a1',
'most','en','большинство','ru','a1',
'mother','en','мать','ru','a1',
'mountain','en','гора','ru','a1',
'mouse','en','мышь','ru','a1',
'mouth','en','рот','ru','a1',
'move','en','двигаться','ru','a1',
'movie','en','фильм','ru','a1',
'Mr','en','мистер','ru','a1',
'Mrs','en','миссис','ru','a1',
'much','en','много','ru','a1',
'mum','en','мама','ru','a1',
'music','en','музыка','ru','a1',
'musician','en','музыкант','ru','a1',
'must','en','должен','ru','a1',
'my','en','мой','ru','a1',
'name','en','имя','ru','a1',
'nationality','en','национальность','ru','a1',
'near','en','около','ru','a1',
'neck','en','шея','ru','a1',
'need','en','нуждаться','ru','a1',
'neighbor','en','сосед','ru','a1',
'never','en','никогда','ru','a1',
'new','en','новый','ru','a1',
'news','en','новости','ru','a1',
'newspaper','en','газета','ru','a1',
'nice','en','хороший','ru','a1',
'night','en','ночь','ru','a1',
'nine','en','девять','ru','a1',
'nineteen','en','девятнадцать','ru','a1',
'ninety','en','девяносто','ru','a1',
'no','en','нет','ru','a1',
'noise','en','шум','ru','a1',
'nose','en','нос','ru','a1',
'not','en','нет','ru','a1',
'note','en','примечание','ru','a1',
'notebook','en','блокнот','ru','a1',
'nothing','en','ничего','ru','a1',
'November','en','ноябрь','ru','a1',
'now','en','сейчас','ru','a1',
'number','en','число','ru','a1',
'nurse','en','медсестра','ru','a1',
'o\'clock','en','час','ru','a1',
'October','en','октябрь','ru','a1',
'of','en','из','ru','a1',
'off','en','выключенный','ru','a1',
'office','en','офис','ru','a1',
'officer','en','офицер','ru','a1',
'often','en','часто','ru','a1',
'old','en','старый','ru','a1',
'olympics','en','олимпийские игры','ru','a1',
'on','en','на','ru','a1',
'once','en','один раз','ru','a1',
'one','en','один','ru','a1',
'only','en','только','ru','a1',
'open','en','открыть','ru','a1',
'opera','en','опера','ru','a1',
'or','en','или','ru','a1',
'orange','en','апельсин','ru','a1',
'order','en','заказ','ru','a1',
'other','en','другой','ru','a1',
'our','en','наш','ru','a1',
'ours','en','наш','ru','a1',
'out','en','вне','ru','a1',
'outside','en','снаружи','ru','a1',
'over','en','над','ru','a1',
'own','en','собственный','ru','a1',
'owner','en','владелец','ru','a1',
'p.m.','en','вечера','ru','a1',
'page','en','страница','ru','a1',
'paint','en','краска','ru','a1',
'painting','en','рисование','ru','a1',
'pair','en','пара','ru','a1',
'palace','en','дворец','ru','a1',
'pants','en','брюки','ru','a1',
'paper','en','бумага','ru','a1',
'paragraph','en','абзац','ru','a1',
'pardon','en','прощение','ru','a1',
'parent','en','родитель','ru','a1',
'park','en','парк','ru','a1',
'partner','en','партнер','ru','a1',
'party','en','вечеринка','ru','a1',
'past','en','прошлое','ru','a1',
'pay','en','платить','ru','a1',
'peace','en','мир','ru','a1',
'pen','en','ручка','ru','a1',
'pencil','en','карандаш','ru','a1',
'people','en','люди','ru','a1',
'period','en','период','ru','a1',
'person','en','человек','ru','a1',
'personal','en','личный','ru','a1',
'pet','en','домашний питомец','ru','a1',
'phone','en','телефон','ru','a1',
'photo','en','фото','ru','a1',
'piano','en','фортепиано','ru','a1',
'pick','en','выбирать','ru','a1',
'picnic','en','пикник','ru','a1',
'picture','en','картина','ru','a1',
'piece','en','кусок','ru','a1',
'pig','en','свинья','ru','a1',
'pink','en','розовый','ru','a1',
'pizza','en','пицца','ru','a1',
'place','en','место','ru','a1',
'plan','en','план','ru','a1',
'plane','en','самолет','ru','a1',
'play','en','играть','ru','a1',
'player','en','игрок','ru','a1',
'please','en','пожалуйста','ru','a1',
'pleasure','en','удовольствие','ru','a1',
'pocket','en','карман','ru','a1',
'poem','en','стихотворение','ru','a1',
'point','en','точка','ru','a1',
'pollution','en','загрязнение','ru','a1',
'pool','en','бассейн','ru','a1',
'poor','en','бедный','ru','a1',
'pop','en','поп','ru','a1',
'post','en','почта','ru','a1',
'poster','en','плакат','ru','a1',
'potato','en','картофель','ru','a1',
'practice','en','упражняться','ru','a1',
'practice','en','практика','ru','a1',
'pray','en','молиться','ru','a1',
'present','en','подарок','ru','a1',
'pretty','en','симпатичный','ru','a1',
'price','en','цена','ru','a1',
'prince','en','принц','ru','a1',
'princess','en','принцесса','ru','a1',
'problem','en','проблема','ru','a1',
'program','en','программа','ru','a1',
'purple','en','фиолетовый','ru','a1',
'push','en','толкать','ru','a1',
'put','en','помещать','ru','a1',
'quarter','en','четверть','ru','a1',
'question','en','вопрос','ru','a1',
'quickly','en','быстро','ru','a1',
'quiet','en','тихий','ru','a1',
'rabbit','en','кролик','ru','a1',
'radio','en','радио','ru','a1',
'rain','en','дождь','ru','a1',
'rainy','en','дождливый','ru','a1',
'rat','en','крыса','ru','a1',
'read','en','читать','ru','a1',
'reader','en','читатель','ru','a1',
'reading','en','чтение','ru','a1',
'ready','en','готовый','ru','a1',
'real','en','настоящий','ru','a1',
'really','en','Действительно','ru','a1',
'reason','en','причина','ru','a1',
'red','en','красный','ru','a1',
'remember','en','помнить','ru','a1',
'repeat','en','повторить','ru','a1',
'reporter','en','репортер','ru','a1',
'restaurant','en','ресторан','ru','a1',
'result','en','результат','ru','a1',
'review','en','обзор','ru','a1',
'ribbon','en','лента','ru','a1',
'rice','en','рис','ru','a1',
'rich','en','богатый','ru','a1',
'ride','en','поездка','ru','a1',
'right','en','верно','ru','a1',
'ring','en','кольцо','ru','a1',
'river','en','река','ru','a1',
'role','en','роль','ru','a1',
'room','en','комната','ru','a1',
'rose','en','роза','ru','a1',
'row','en','ряд','ru','a1',
'rude','en','грубый','ru','a1',
'rule','en','правило','ru','a1',
'ruler','en','правитель','ru','a1',
'run','en','бегать','ru','a1',
'sad','en','грустный','ru','a1',
'sailor','en','матрос','ru','a1',
'salad','en','салат','ru','a1',
'sale','en','распродажа','ru','a1',
'same','en','такой же','ru','a1',
'sandwich','en','бутерброд','ru','a1',
'Saturday','en','Суббота','ru','a1',
'save','en','сохранять','ru','a1',
'saw','en','пила','ru','a1',
'say','en','сказать','ru','a1',
'school','en','школа','ru','a1',
'science','en','наука','ru','a1',
'scientist','en','учёный','ru','a1',
'sea','en','море','ru','a1',
'seat','en','сиденье','ru','a1',
'second','en','второй','ru','a1',
'section','en','раздел','ru','a1',
'see','en','видеть','ru','a1',
'self','en','себя','ru','a1',
'sell','en','продавать','ru','a1',
'sentence','en','предложение','ru','a1',
'september','en','сентябрь','ru','a1',
'set','en','набор','ru','a1',
'seven','en','семь','ru','a1',
'seventeen','en','семнадцать','ru','a1',
'seventy','en','семьдесят','ru','a1',
'shake','en','трясти','ru','a1',
'share','en','делиться','ru','a1',
'she','en','она','ru','a1',
'sheep','en','овца','ru','a1',
'shelf','en','полка','ru','a1',
'ship','en','корабль','ru','a1',
'shirt','en','рубашка','ru','a1',
'shoe','en','туфля','ru','a1',
'shop','en','магазин','ru','a1',
'shopping','en','шопинг','ru','a1',
'short','en','короткий','ru','a1',
'should','en','должен','ru','a1',
'shoulder','en','плечо','ru','a1',
'show','en','показывать','ru','a1',
'shower','en','душ','ru','a1',
'shy','en','застенчивый','ru','a1',
'sick','en','больной','ru','a1',
'side','en','сторона','ru','a1',
'sight','en','взгляд','ru','a1',
'sign','en','знак','ru','a1',
'sing','en','петь','ru','a1',
'singer','en','певец','ru','a1',
'sir','en','сэр','ru','a1',
'sister','en','сестра','ru','a1',
'sit','en','сидеть','ru','a1',
'site','en','сайт','ru','a1',
'six','en','шесть','ru','a1',
'sixteen','en','шестнадцать','ru','a1',
'sixty','en','шестьдесят','ru','a1',
'size','en','размер','ru','a1',
'skill','en','навык','ru','a1',
'skirt','en','юбка','ru','a1',
'sky','en','небо','ru','a1',
'sleep','en','спать','ru','a1',
'slow','en','медленный','ru','a1',
'small','en','маленький','ru','a1',
'smart','en','умный','ru','a1',
'smell','en','запах','ru','a1',
'smile','en','улыбка','ru','a1',
'smith','en','Смит','ru','a1',
'smoke','en','курить','ru','a1',
'smoking','en','курение','ru','a1',
'snake','en','змея','ru','a1',
'snow','en','снег','ru','a1',
'snowy','en','снежный','ru','a1',
'so','en','так','ru','a1',
'soccer','en','футбольный','ru','a1',
'social','en','социальный','ru','a1',
'sofa','en','диван','ru','a1',
'solve','en','решать','ru','a1',
'some','en','некоторый','ru','a1',
'someone','en','кто-то','ru','a1',
'something','en','что-нибудь','ru','a1',
'son','en','сын','ru','a1',
'song','en','песня','ru','a1',
'soon','en','скоро','ru','a1',
'sorry','en','извини','ru','a1',
'soup','en','суп','ru','a1',
'speak','en','говорить','ru','a1',
'special','en','особенный','ru','a1',
'speech','en','речь','ru','a1',
'spell','en','заклинание','ru','a1',
'spend','en','тратить','ru','a1',
'sport','en','спорт','ru','a1',
'spot','en','место','ru','a1',
'spring','en','весна','ru','a1',
'spy','en','шпион','ru','a1',
'stage','en','этап','ru','a1',
'stand','en','стоять','ru','a1',
'star','en','звезда','ru','a1',
'start','en','начинать','ru','a1',
'station','en','станция','ru','a1',
'stay','en','оставаться','ru','a1',
'step','en','шаг','ru','a1',
'still','en','все еще','ru','a1',
'stone','en','камень','ru','a1',
'stop','en','останавливаться','ru','a1',
'store','en','магазин','ru','a1',
'story','en','история','ru','a1',
'straight','en','прямой','ru','a1',
'strange','en','странный','ru','a1',
'street','en','улица','ru','a1',
'strict','en','строгий','ru','a1',
'strong','en','сильный','ru','a1',
'student','en','студент','ru','a1',
'study','en','изучать','ru','a1',
'subject','en','предмет','ru','a1',
'subway','en','метро','ru','a1',
'successful','en','успешный','ru','a1',
'sugar','en','сахар','ru','a1',
'suggestion','en','предположение','ru','a1',
'sum','en','сумма','ru','a1',
'summer','en','лето','ru','a1',
'sun','en','солнце','ru','a1',
'Sunday','en','Воскресенье','ru','a1',
'sunny','en','солнечный','ru','a1',
'sunshine','en','солнечный свет','ru','a1',
'super','en','супер','ru','a1',
'supermarket','en','супермаркет','ru','a1',
'sure','en','конечно','ru','a1',
'surf','en','заниматься серфингом','ru','a1',
'surprise','en','сюрприз','ru','a1',
'survey','en','опрос','ru','a1',
'sweet','en','сладкий','ru','a1',
'swim','en','плавать','ru','a1',
'swimming','en','плавание','ru','a1',
'swimming pool','en','бассейн','ru','a1',
'table','en','стол','ru','a1',
'take','en','брать','ru','a1',
'talk','en','разговаривать','ru','a1',
'tall','en','высокий','ru','a1',
'taxi','en','такси','ru','a1',
'tea','en','чай','ru','a1',
'teach','en','учить','ru','a1',
'teacher','en','учитель','ru','a1',
'team','en','команда','ru','a1',
'technology','en','технология','ru','a1',
'telephone','en','телефон','ru','a1',
'television','en','телевидение','ru','a1',
'tell','en','рассказывать','ru','a1',
'temple','en','храм','ru','a1',
'ten','en','десять','ru','a1',
'tennis','en','теннис','ru','a1',
'terrible','en','ужасный','ru','a1',
'test','en','тест','ru','a1',
'than','en','чем','ru','a1',
'thank','en','благодарить','ru','a1',
'thanks','en','Спасибо','ru','a1',
'that','en','что','ru','a1',
'the','en','тот','ru','a1',
'theater','en','театр','ru','a1',
'their','en','их','ru','a1',
'them','en','их','ru','a1',
'then','en','затем','ru','a1',
'there','en','там','ru','a1',
'these','en','эти','ru','a1',
'they','en','они','ru','a1',
'thick','en','толстый','ru','a1',
'thin','en','тонкий','ru','a1',
'thing','en','вещь','ru','a1',
'think','en','думать','ru','a1',
'thirteen','en','тринадцать','ru','a1',
'thirty','en','тридцать','ru','a1',
'this','en','этот','ru','a1',
'those','en','те','ru','a1',
'three','en','три','ru','a1',
'through','en','через','ru','a1',
'throw','en','бросать','ru','a1',
'Thursday','en','Четверг','ru','a1',
'ticket','en','билет','ru','a1',
'tiger','en','тигр','ru','a1',
'tight','en','тугой','ru','a1',
'time','en','время','ru','a1',
'tired','en','усталый','ru','a1',
'to','en','к','ru','a1',
'today','en','сегодня','ru','a1',
'together','en','вместе','ru','a1',
'toilet','en','туалет','ru','a1',
'tomato','en','помидор','ru','a1',
'tomorrow','en','завтра','ru','a1',
'tonight','en','сегодня вечером','ru','a1',
'too','en','слишком','ru','a1',
'tool','en','инструмент','ru','a1',
'tooth','en','зуб','ru','a1',
'top','en','вершина','ru','a1',
'topic','en','тема','ru','a1',
'touch','en','трогать','ru','a1',
'towel','en','полотенце','ru','a1',
'tower','en','башня','ru','a1',
'town','en','город','ru','a1',
'toy','en','игрушка','ru','a1',
'train','en','тренироваться','ru','a1',
'travel','en','путешествовать','ru','a1',
'tree','en','дерево','ru','a1',
'trip','en','путешествие','ru','a1',
'trousers','en','брюки','ru','a1',
'truck','en','грузовик','ru','a1',
'true','en','истинный','ru','a1',
'try','en','пытаться','ru','a1',
't-shirt','en','футболка','ru','a1',
'tube','en','трубка','ru','a1',
'tuesday','en','вторник','ru','a1',
'turkey','en','турция','ru','a1',
'turn','en','повернуть','ru','a1',
'TV','en','ТВ','ru','a1',
'twelve','en','двенадцать','ru','a1',
'twenty','en','двадцать','ru','a1',
'two','en','два','ru','a1',
'type','en','тип','ru','a1',
'ugly','en','уродливый','ru','a1',
'umbrella','en','зонтик','ru','a1',
'uncle','en','дядя','ru','a1',
'under','en','под','ru','a1',
'underline','en','подчеркнуть','ru','a1',
'until','en','до','ru','a1',
'up','en','вверх','ru','a1',
'us','en','нас','ru','a1',
'use','en','использовать','ru','a1',
'usually','en','обычно','ru','a1',
'vacation','en','отпуск','ru','a1',
'vase','en','ваза','ru','a1',
'vegetable','en','овощной','ru','a1',
'very','en','очень','ru','a1',
'video','en','видео','ru','a1',
'visit','en','посещать','ru','a1',
'volleyball','en','волейбол','ru','a1',
'vote','en','голосование','ru','a1',
'wait','en','ждать','ru','a1',
'waiter','en','официант','ru','a1',
'waitress','en','официантка','ru','a1',
'wake','en','будить','ru','a1',
'walk','en','ходить','ru','a1',
'wall','en','стена','ru','a1',
'want','en','хотеть','ru','a1',
'war','en','война','ru','a1',
'warm','en','теплый','ru','a1',
'was','en','был','ru','a1',
'wash','en','стирать','ru','a1',
'watch','en','смотреть','ru','a1',
'water','en','вода','ru','a1',
'way','en','способ','ru','a1',
'we','en','мы','ru','a1',
'wear','en','носить','ru','a1',
'weather','en','погода','ru','a1',
'Wednesday','en','Среда','ru','a1',
'week','en','неделя','ru','a1',
'weekend','en','выходные','ru','a1',
'welcome','en','добро пожаловать','ru','a1',
'well','en','хорошо','ru','a1',
'were','en','были','ru','a1',
'what','en','что','ru','a1',
'wheel','en','колесо','ru','a1',
'when','en','когда','ru','a1',
'where','en','где','ru','a1',
'which','en','который','ru','a1',
'white','en','белый','ru','a1',
'who','en','ВОЗ','ru','a1',
'whose','en','чей','ru','a1',
'why','en','почему','ru','a1',
'wife','en','жена','ru','a1',
'will','en','воля','ru','a1',
'win','en','победить','ru','a1',
'wind','en','ветер','ru','a1',
'window','en','окно','ru','a1',
'winter','en','зима','ru','a1',
'wish','en','желание','ru','a1',
'with','en','с','ru','a1',
'woman','en','женщина','ru','a1',
'wonderful','en','замечательный','ru','a1',
'word','en','слово','ru','a1',
'work','en','работа','ru','a1',
'worker','en','рабочий','ru','a1',
'world','en','мир','ru','a1',
'worry','en','волноваться','ru','a1',
'would','en','бы','ru','a1',
'write','en','писать','ru','a1',
'writer','en','писатель','ru','a1',
'wrong','en','неправильный','ru','a1',
'yard','en','площадка','ru','a1',
'year','en','год','ru','a1',
'yellow','en','желтый','ru','a1',
'yes','en','да','ru','a1',
'yesterday','en','вчера','ru','a1',
'yet','en','еще','ru','a1',
'yogurt','en','йогурт','ru','a1',
'you','en','ты','ru','a1',
'young','en','молодой','ru','a1',
'your','en','твой','ru','a1',
'yours','en','твой','ru','a1',
'yourself','en','сам','ru','a1',
'zoo','en','зоопарк','ru','a1',
